company_id,company_name,primary_domain,target_fit,source_hit_count,best_email,best_phone,best_form,named_contact_name,named_contact_title,named_contact_email,named_contact_linkedin
fb99f7c3-c135-49c5-b4bd-e17d3d7028ca,Anvo Group,anvo.com.au,No,1,,+61396944407,https://anvo.com.au/,Karl Chalhoub,,,
96a86fbe-dd0e-4d6a-8811-b4c3ee8d294d,Arthur J. Gallagher & Co (nz) Limited,,No,8,,,,Stefanie June Ashton,Financial Adviser,,
214355ec-78d0-4c23-ab41-e63e30ddf9f5,Aussie Finance & Home Loans,afhl.com.au,Yes,1,,0414550725,https://www.afhl.com.au/,,,,
3cc418c5-6e82-468c-95c0-d183f02a5793,Bee Finance Limited,,No,1,,,,Takashi Sonezaki,Financial Adviser,,
1e4d0531-01ea-4c92-9518-c14d91b5196b,CA Financial Services Group,cafsg.com.au,Yes,1,,0299557288,https://cafsg.com.au/,,,,
bad56372-faca-4e8c-8f65-014a4be63372,Canberra Financial,canberrafinancial.com.au,No,1,,+61262291900,https://www.canberrafinancial.com.au/,,,,
79fa4083-e4f7-4d47-9481-cbd195310906,Castle Trust Financial Planning Limited,castletrust.co.nz,Yes,1,,03 544 1428,http://www.castletrust.co.nz,Anna-May Martin,Financial Adviser,,
5cc79a08-c384-4fdf-876a-3b2920d6743b,Cole Murray Group Limited,,No,1,,,,David Riddell,Financial Adviser,,
8bd5a0e6-6589-4cfd-8886-dc75f820606c,Consortium Group Australia,cga.info,No,1,,1800240262,https://cga.info/,,,,
cc9c96b1-10bc-4c8c-b240-7943902f6e4f,Diligent Wealth Management Limited,diligentwealth.co.nz,No,1,,03 442 4243,https://www.diligentwealth.co.nz,Camiller Vanessa Deeman,Financial Adviser,,
1ec3a071-068a-424e-a881-bc7e2663b398,Emerre & Hathaway Insurances Limited,,No,1,,,,Courteney Margaret Rose Parkin,Financial Adviser,,
7eb4cbc3-ca6f-4502-83bf-5a04b45f1344,Empire Accounting Professionals,empireap.com.au,No,1,,+61420800992,https://www.empireap.com.au/,,,,
34a4b190-8cd4-4384-b09a-1feeae12a8bc,Financial Advice Nz Limited,,No,1,,,,Patricia Ann Fulcher,Financial Adviser,,
aeefa73c-3840-47f4-85ef-467f0e014482,First Capital Financial Services Limited,firstcapital.co.nz,Yes,1,,0800 525 515,http://www.firstcapital.co.nz,Kate Ashleigh Brookes,Financial Adviser,,
6ce965de-c207-4bc9-92e5-63024278831e,Gregan & Company Limited,,No,1,,,,Ian Martin,Financial Adviser,,
dc7939c9-e3c5-429d-8ab4-374faca8dcd6,Home Loan Advisory Service,homeloanadvice.com.au,Yes,1,,0398664433,http://homeloanadvice.com.au/,,,,
272d72a7-adc5-4466-901b-5a36f6891ce5,IFCS,ifcs.com.au,No,1,,0433168658,https://ifcs.com.au/,,,,
25620132-cf34-4555-9153-d9b9e1992905,IntelliLend,intellilend.com.au,No,1,,+61433135992,https://intellilend.com.au/,,,,
8b296559-bc01-4ed3-b1f7-bd0f1ec5254a,Karen Margaret Phillips-mitchell,,No,1,,,,Karen Margaret Phillips,Financial Adviser,,
96aa1fe0-461e-4dc0-9c49-3e4651eeeca2,Kilworths - Insurance & Investment Limited,kilworths.co.nz,No,1,,03 307 8000,http://kilworths.co.nz,Molly Joan Stapleton,Financial Adviser,,
6be430ac-4fc9-41e4-bcb3-49a03afe6625,Lightyear Holdings Limited,crediflex.co.nz,No,1,,09 523 3102,https://crediflex.co.nz,Kyle William Fraser,Financial Adviser,,
d399b2a6-1c8d-40db-8add-722b08798cac,MMF Finance and Consulting,mmf.net.au,No,1,,+611300686226,https://www.mmf.net.au/,Wolveredge Architect,,,
25829ae4-eb98-428b-ac8f-9e7ec8a8ceca,MoneyQuest,moneyquest.com.au,No,1,,1300886100,https://www.moneyquest.com.au/,,,,
d5550ef9-ac8d-4aa4-8972-0c09233abd2c,Native Polynesia Limited,,No,1,,,,Louisa Mary Sifakula,Financial Adviser,,
de991b98-e29c-4c14-9d17-111e7e9e50bf,No Fuss Home Loans,nofusshomeloans.com.au,Yes,1,,0283102199,https://nofusshomeloans.com.au/,,,,
dfa98c36-4cf3-486d-8a5a-b5f0ca219330,Power Home Loans Group,powerhomeloan.com,Yes,1,,0292818667,https://powerhomeloan.com/,,,,
10ab4e0a-6561-44e5-973e-29b750ad5bda,R&p Insurance Limited,,No,1,,,,Philippa Jane McMeekan,Financial Adviser,,
f05200cf-8cb2-4721-b5b5-3d1bd4bfa1a2,Resure,,No,1,,,,Kyle James McElwain,Financial Adviser,,
067c0a8f-72f7-4f7f-b2ae-c57c4c89d2dd,Revas Financial Services,revas.com.au,Yes,1,,1300273738,https://www.revas.com.au/,,,,
c5b923de-93e3-4858-810e-efdce0ba012c,Saxe-coburg Limited,saxecoburg.co.nz,No,1,,09 489 4890,http://www.saxecoburg.co.nz/contact-us,Mark Arthur Houghton,Financial Adviser,,
2d29426b-8a5b-4675-bd70-33b1fba13629,Scenic Financial Services PTY LTD,scenicfs.com.au,Yes,1,,1300181828,https://scenicfs.com.au/,,,,
e077c9b1-0e8c-40dc-be5a-60e05c740a66,Solidity Financial Services Limited,solidity.co.nz,Yes,1,,020 4013 8252,http://solidity.co.nz,Joflin George,Financial Adviser,,
aecd0059-102c-42d0-b685-0236f82d5cac,The Mortgage Lab Nz Limited,,No,1,,,,Karen Francis Latimer,Financial Adviser,,
ffaa9de1-d685-4ea2-bad5-ca7aa81f62a0,Yarra Lane Group,yarralanegroup.com.au,No,1,,1300858689,https://www.yarralanegroup.com.au/,,,,
67759c26-38da-45aa-8bc4-9b006ebd6f00,Zest Northland Limited,zestbrokers.co.nz,No,1,,0508 937 863,http://www.zestbrokers.co.nz,Anthony Brian Gysberts,Financial Adviser,,
